verb_forward,verb_reverse,noun_abstract,triplet_id,id_forward,id_reverse,split
Pulling [something] from left to right,Pulling [something] from right to left,['something'],106d2603,214603;94176;42278;44270;214659;3493;142489;33526;127902;112636;195647;12375;63191;146100;62271;181298;71589;48211;15606;14651;199437;194919;198443;190505;187846;130638;71800;114982;140994;110408;210615;134330;72867;1664;178298;88426;73526;32675;155082;107506;137658;144743;60707;10132;172613;167168;144727;107545;49388;72778;74991;52054;187568;215627;182098;142267;439;103218;10042;109337;57448;196981;22044;154862;220574;156409;198739;197625;206308;200737;170292;163245;129082;86768;79766;134064;147256;80328;9477;8927;46640;120706;43529;190742;202058;14410;173337;150591;192100;51147;86242;34525;49634;179952;125156;15036;218083;202525;140271;177509;161538;212601;142991;72692;137620;111022;17443;86297;219559;73250;13636;35021;191897;87484;190399;217647;18960;77867;89152;212918;128326;32846;133717;200601;43618;180592;178318;208098;161237;53446;128114;41796;200921;172578;4543;34473;200513;69551;185547;53983;103624;165811;183352;208978;213283;67140;154649;82372;11621;3220;111754;22747;137454;214558;163555;120705;129611;160400;168878;216645;2105;217702;210530;141991;93720;70049;36322;171464;172863;75157;44045;183553;25165;100150;219072;137924;40984;218096;52886;149970;163693;163422;5626;75857;175381;87978;208594;136115;217757;220362;189575;123594;175146;207698;127340;40528;4184;106454;172883;16150;214874;141059;111150;187840;46140;89557;38926;7350;62175;39778;138385;143704;47488;138412;177720;120274;122786;12138;96645;75285;55221;34232;54530;28565;96473;6238;17003;219371;204724;65340;2198;107265;29182;51434;47760;166544;55030;138107;196694;161297;139636;81305;20823;63461;62466;151468;3256;194579;202954;134806;4990;98927;103731;98051;18290;30045;66443;109692;102141;35483;182662;86597;143807;98352;183059;107473;62765;218027;168978;207968;152117;214107;18877;191689;32386;206799;212258;169387;61330;103945;25180;35149;39153;160776;74399;3924;156664;118626;2803;211262;107169;206027;24168;103360;70202;129373;178025;137812;164999;202856;196333;176132;14591;97795;138484;12813;5714;62907;120244;149913;8790;184154;70138;12465;198735;210430;109186;79530;56407;59976;11529;97540;176827;169453;40269;134655;44780;18958;136370;4027;142908;83634;89445;32082;106457;198356;116913;67350;65182;198347;142450;118994;129078;207154;206737;104765;55469;95204;103561;148718;123541;20193;14085;183119;104747;56310;5099;120490;107707;117990;45467;182913;193482;107142;220545;79204;173653;165662;105647;190893;145010;124585;86766;198317;165476;97130;63085;90465;184009;192735;44881;212782;179650;119460;65552,212916;59595;155043;186450;25353;187701;206444;83653;34764;13346;124173;105746;198036;154722;191916;105284;44509;211933;126885;178277;120131;65811;184274;10281;173869;189434;200254;43942;106110;143250;87678;14626;160803;157965;201672;27620;146338;124984;206511;186945;97569;106449;28472;13756;59503;153037;95257;20464;13171;53823;26969;101812;123987;66186;35642;57845;4656;217744;159025;17253;129898;101450;105940;26314;170103;185397;104405;189462;168738;214612;218766;46945;100860;130202;220166;151127;63378;30405;11310;57900;12666;64683;91097;141181;69993;99755;97850;179158;81597;218091;198953;106108;119560;95477;172344;122205;31132;98970;32849;8833;212632;216102;198528;205051;153305;208237;80304;142579;31818;216347;96420;56974;18204;154789;174015;94470;129600;103640;199183;48155;104705;40626;99617;185380;158014;202091;168097;202828;21764;102845;57571;154595;180055;21512;14861;21186;108971;144773;215921;203789;13309;119987;40639;61153;85871;82642;203153;101455;67737;208491;197017;75617;167222;170000;93906;205693;203234;111981;29241;27211;213092;89785;165123;145420;141940;179316;179469;111963;98237;138442;91257;182636;158420;199296;78783;29627;196870;59754;106072;73802;139168;184178;59571;204480;212201;126977;18770;83274;42909;167350;102017;85838;45134;137317;98111;134734;169291;215326;207343;88389;14219;23481;202012;200256;39233;19290;30362;17277;207534;160463;139632;44466;167112;14688;161964;108079;169577;120442;154872;18011;148297;5280;100932;209493;212176;50353;86799;1258;88315;55247;174901;70151;154497;57264;89792;26812;47186;149218;151992;89975;131708;3648;55283;85697;119786;99761;3113;216536;63480;97980;205198;64356;36921;215549;155324;132032;126801;154291;209147;32542;7023;140902;8437;143359;139002;27591;130906;33988;52753;68884;124185;220078;182714;219713;174330;48712;121414;121028;163920;58165;215195;211698;191586;26711;142848;126641;47306;163472;210512;14385;135052;79416;151302;71010;120040;123619;25073;170101;69648;92922;22101;142752;98125;205945;134042;198873;48168;153543;108108;5495;94746;63810;17742;112817;147822;31923;192471;128408;85739;213038;104733;84017;47023;116989;89929;21874;161119;55146;197438;47813;149888;186348;63786;176642;168498;108266;199781;135292;168699;9008;689;78867;122994;182232;43266;157372;35877;214744;147910;6373;77024;126780;120127;205159;195542;70428;114923;166448;14882;177188;11710;88023;50146;39029;197604;84001;143709;25455;158553;22597;205767;573;88579;173260;31653;128230;87934;20418;118569;66560;186639;164648;108898;55719;91702;1010;116938;202804;160656;151147;17465;107058;111420;206579;58063;39497;73700;181798;301;58643;120456;37806;148607;180393;136337;52445;70647;180221;78477;25021;149368;71021;47834;83426;22943;167509;214703;117317;193070;72901;43196;141408;70439;140030,train
Pushing [something] from left to right,Pushing [something] from right to left,['something'],743faf6b,73966;112675;161499;183657;51348;155832;29843;191933;95157;30720;94337;133484;87984;134841;178263;105542;132869;33540;73929;184781;114909;210226;163492;153124;79798;165334;105549;69792;47485;68562;185366;81973;94190;38263;42537;22715;90575;148149;53746;131114;78908;44019;123547;155041;60874;102302;209266;46413;28552;136761;30339;19858;104449;80359;79625;142693;85495;19884;124157;35941;94107;43463;198775;97067;116167;213006;30436;119541;6132;66109;125;160199;148579;32633;101919;30507;7463;218232;7581;142052;94803;80034;175790;37892;91011;216457;198662;216811;112247;28274;116946;80474;169099;98488;41956;70791;216714;109266;109078;13546;74859;208146;144008;255;73158;35180;58267;213971;130309;153120;136285;44958;154887;51769;191132;33163;167759;71057;131071;162103;32176;114998;130190;66640;19763;218120;16197;206510;116523;204860;32080;212362;181093;147745;211954;100755;77323;694;144700;14216;150884;145528;121845;108911;204389;176109;9889;100050;21462;185101;204799;197135;66046;184819;143247;119871;161235;105936;88070;148092;137094;130808;156864;116738;153162;215333;99959;177339;56817;38571;125382;140055;103076;89379;178833;140831;195987;57805;144679;219718;65005;6769;171941;131275;40065;65441;216046;213124;197924;70289;219244;199478;181574;112278;158696;3737;111369;12807;174250;156038;93426;153409;204448;171679;69859;159631;124151;65633;30851;15280;186558;11858;121287;172541;215263;191419;113817;156078;9330;186224;107126;71996;92261;165328;71731;147076;84812;29651;20249;33138;193028;170544;60724;80428;136288;193663;20165;40958;43271;103734;1644;61070;123041;118549;9165;44425;146316;149457;184149;197636;57499;218774;60967;190387;143026;167301;111417;131311;174118;157200;207033;27037;77237;206744;169639;61389;206079;52506;207274;170591;146468;1366;90701;141978;79148;150586;94460;76866;169947;152266;64650;125269;15329;156104;38262;19896;62232;158311;8417;17146;39648;41756;23616;169082;206512;16868;151848;82295;195425;206786;37277;18292;120053;65013;172043;133925;56801;130733;31606;163030;189897;186436;1428;183308;3392;158382;77217;16656;144009;198349;30090;46545;21532;85514;73292;43235;27519;207299;175757;119708;45866;88303;3601;72748;170401;126401;174648;130305;111251;3336;70982;207423;172798;108573;72329;208148;64766;159966;34402;19788;214800;95995;33106;118553;81357;199907;184715;76979;45942;119647;42915;21459;122896;48084;126767;9062;144330;197695;2692;220670;158477;127197;210827;157276;16878;6866;205601;47091;11595;133802;55641;37176;217829;190638;48443;202824;80086;160294;40694;22793;183869;55756;218978;11347;80348;65089;186244;69816;136366;90911;154038;192743;198961;141204;195585;3656;35145;149403;178045;66882;140431;109716;157648;13237;10544;71425;84593;172218;66536;95441;56405;129626;114091;160993;66014;37464;78098;31471;49461;18613;208635;152484;123580;181538;46254;125434;62125;166625;105034;4250;201109;196842;13669;53709;8479;182676;157327;2823;201328;38136;131083;203774;98116;180843;146551;33535;158748;111909;21070;44686;180968;18074;37681;119617;20040;72947;111479;28325;211780;154105;106090;97330;2896;41638;206395;207260;42685;193627;190830;84456;216904;142689;203560;153971;160615;170254;104323;220840;47683;92303;99536;71063;158533;175844;210122;184314;211175;72540;28430;210469;23566;199521;103096;38786;186765;156617;54265;7928;145578;209843;219250;109201;110339;157918;73973;4412;84663;214088;132964;198809;164695;42954;190711;119867;75334;87212;198817;129000;14186;36056;88547;191595;102042;22337;137237;174732;9363;192509;41225;158227;25976;188174;101698;179107;55408;85530;164758;97937;143222;62955;56904;105079;65115;38008;42389;39813;58354;128315;32982;29051;9575;8783;96819;193684;29455;200973;94539;56645;143178;15478;4722;83302;214214;71241;88383;121770;118784;214790;139745;172637;29991;141903;1011;173072;72010;212317;48430;113739;35152;167453;193928;115907;177292;195201;85731;45886;52466;155866;109424;128933;90871;81681;54689;13681;17464;170108;78325;98380;176707;191887;105494;180486;207841;8965;178136;108095;214967;168859;167345;195249;42698;50014;136887;134243;101271;37372;186099;165502;77723;145170;212389;154892;9413;118829;97088;86008;157183;128850;177642;220488;217965;74587;39769;201876;113908;6077;15024;198949;114374;36004;160683;87151;188884;165291;201699;95633;3935;179075;179319;174627;55433;68930;165299;158653;55555;92883;171243;11113;85900;144200;191059;215301;44268;24404;213671;180215;5715;32448;183642;54126;28823;15120;161928;61341;13683;119095;25386;20113;148328;212413;61147;43248;195242;137597;42763;173399;85704;75357;153511;100707;77587;68169;157062;199101;127102;109703;147696;10754;122722;158507;37966;218809;127462;31244;95087;203192;105495;22687;9442;213510;29490;22159;36342;212477;108415;62295;54308;210989;219979;31703;11142;84179;196790;47135;219985;79266;119566;149421;37752;165879;193174;148505;172180;53367;11176;76561;151603;112073;45449;209731;123579;133769;152190;92460;31367;97725;126667;1432;172462;57461;174945;102442;210346;47001;183978;158365;175258;68956;83226;180584;94129;171853;51357;175239;178106;111500;183453;105954;663;27877;175573;80956;124181;14826;62348;95801;57414;58685;131725;166663;91646;200432;101317;220525;92844;158732;186985;97344;138823;51589;65044;217105;181480;206691;206366;109236;132231;148041;204609;51544;141146;76091;125146;162293;181440;136475;70870;37536;33145;184378;130779;8603;46971;152406;164222;85462;15616;6159;72468;220256;57988;126835;119870;178959;9358;253;16208;13078;86253;125018;147415;142338;77302;122430;211848;29009;102647;152137;73766;207614;172614;153632;167885;212316;28393;94383;115842;69543;147321;139613;37032;48040;132405;2760;24399;159704;184461;131440;23567;105197;58647;106015;39296;156411;40512;156753;15325;144064;173303;109059;220248;59692;132409;142157;20699;118002;107353;196237;104084;65632;167369;196146;56521;72434;123589;217657;109527;205036;212954;181667;107038;179837;183694;6121;133899;82956;171942;205935;113470;30922;33836;201206;52908;94408;166954;177298;206806;188716;18879;191351;159213;155634;182517;207050;146632;143183;81333;112688;202660;71472;151481;135237;46248;39827;198620;178649;24382;181981;176896;994;126716;49892;48377;98221;2624;210750;86319;84678;25195;183251;134621;34797;193408;44746;123752;174668;42882;216471;7209;94863;55524;166015;110249;132892;145402;90941;110450;160005;67298;21162;125968;136433;73493;203925;169258;71004;182785;36574;210165;75264;118889;54225;46675;151717;136783;169330;9387;114527;152177;205740;115634;107426;64671;113695;108482;192503;116950;167884;208753;155403;30159;40776;177543;125015;141648;194328;66699;101459;106254;46985;38079;194037;100569;91366;70688;47070;85018;20150;120381;110542;57961;168253;21102;51644;1436;35996;147981;47066;195920;109521;211634;32859;60524;3100;74653;159225;125779;59895;166047;103405;129540;119373;126015;142235;38633;203048;185938;33156;219242;154079;127002;104550;185256;203508;118864;22989;179401;179708;50870;115899;75754;163957;94138;100618;44088;174230;215873;159570;216079;139834;149511;197799;153009;94052;213249;110632;19145;147880;126571;118769;22388;178228;198215;41612;47270;104324;129854;89510;52481;167872;36160;164552;145834;179627;112456;153881;20242;50064;13222;21576;88929;191068;210039;76864;195924;217253;133506;146894;123243;76302;213886;12154;20812;25082;145905;98192;152268;174203;144182;29650;186327;39367;201097;181517;147915;185348;138294;32735;69824;32090;159429;196805;3327;138201;185055;160025;213961;122963;26409;202893;71119;68035;103599;132455;194400;200140;39724;158664;116553;150777;197820;119945;31656;82320;59034;149097;58809;127047;173722;141212;35678;97481;149193;97335;100015;138671;79483;15224;161684;190770;26664;218364;133252;184213;193294;160448;184498;121754;61952;112205;110836;149041;88186;135847;150135;63008;172609;74500;46399;99566;22497;208526;170893;80390;216193;12876;92692;9274;178344;49545;156022;35702;69697;13772;134054;96043;31266;67438;86997;192690;16822;37431;5367;39850;54053;195953;6038;109246;36947;162349;173105;103693;83841;127743;6299;59807;143637;5959;169973;92324;149788;207491;54707;105349;28012;185948;179916;122936;174620;103050;192012;209012;166432;25099;77949;103287;64146;20595;15918;147908;208168;100076;174375;79052;114949;128272;85728;13446;112567;82118;127249;16393;203729;200354;145866;199362;133694;133134;180641;58209;215280;58712;146766;26811;54697;57827;201324;103147;186135;43982;217508;105156;21020;59835;52748;180272;125204;152466;216183;47166;186080;97304;72486;19505;93010;65932;66780;65682;191742;68340;32869;121979;132810;83570;28563;164165;34557;126824;108092;160631;53928;185652;159598;165250;152461;174115;43056;180412;65667;161665;55571;79696;208901;82005;191412;151812;117924;35954;30281;108470;193555;91595;208804;89265;124624;202638;75068;3297;178436;57777;164219;28078;129080;153422;37696;6486;137331;48597;10831;127904;107162;192784;109993;200481;180729;210204;25908;95911;56520;133959;150684;21883;65853;9856;151372;80440;40561;36786;62335;209088;135686;190752;205868;22354;28451;105802;146917;1982;107661;213877;139111;175347;61483;146507;211112;19095;103860;19913;30129;50818;68589;218034;154033;190738;198708;2048;20879;108603;80080;119060;134027;69720;163229;98518;59915;30157;49768;19098;95492;80595;172275;86075;75625;37646;200110;84452;209021;197635;144355;96239;179260;128628;170799;5775;151767;191010;99423;145425;194867;164756;56109;1954;134960;170030;108845;36609;49050;99458;199949;118236;1035;196723;155918;8189;110068;197793;27088;58540;61510;173204;141981;176608;183755;156316;146923;82244;173009;143763;2920;4018;30041;117304;50498;119438;196761;144949;78935;129155;88704;172538;50129;171683;81324;157678;59878;169460;90635;216464;120923;159801;2427;6177;93442;81020;89930;57850;155657;93205;10520;15716;146763;183661;128547;163819;57163;103086;77050;155464;180318;1360;190702;74035;148289;14758;103877;202829;128153;82940;97935;193485;34924;197513;85355;186592;60862;172545;98165;66104,154263;174603;158832;181297;27233;209429;153546;97372;76110;80532;57346;150298;36540;66578;88832;99002;18032;212374;146210;172160;72432;172361;102934;159812;75557;34881;136861;31142;206106;130743;21429;11954;37924;28495;82592;149132;211104;143029;20474;199283;219643;174521;96490;56284;136692;76473;200939;192506;52846;203805;73842;16528;9600;127273;32104;85291;146093;56823;187325;103618;49847;184551;67776;80642;116506;204158;78392;144907;185764;123985;8269;9023;155683;26808;201715;94374;142608;6938;189631;187838;28660;137441;134483;57928;83580;104353;23469;39922;22707;64087;17018;92902;198090;38924;102182;143439;183746;2907;25421;101688;213179;208287;111654;177338;48999;82288;187280;130545;123051;175675;53988;186508;37031;196010;105987;158975;97239;114856;39254;168146;49336;132009;170877;153273;159187;7;52814;16990;108750;211283;182766;55617;56691;76570;199604;70675;57303;195044;208310;142959;149768;139148;74615;46980;188793;118418;218164;30919;174779;122182;18968;20121;28589;23714;196345;30525;167676;61845;218879;140808;169677;207560;197514;178808;38100;145651;169016;70775;120049;172955;180110;50701;6705;137059;160708;29457;44864;116749;157743;134589;155960;153848;92228;169892;211448;152655;133743;129225;140557;5635;206676;108772;106887;33144;47808;120942;30282;165147;115401;119008;172620;113580;72403;106937;93590;135725;207469;186340;30345;188341;174119;48949;84133;59263;150193;207622;5886;202239;193918;4348;50198;2188;75394;136852;108490;138384;36168;208670;66987;40531;143754;163085;131864;4699;103166;161368;108160;189508;165038;74777;189629;67540;81938;860;191367;90759;121229;207005;59738;17541;174506;148150;174864;209124;34455;99194;3741;24512;99650;130959;58469;83836;54372;47430;34453;175668;168614;192915;211198;120698;192433;96179;79345;171320;144265;145299;219605;127489;84246;219164;63055;170865;202879;73853;7454;124555;96284;204404;3494;130145;212437;98207;163034;48492;60767;92581;38855;189360;124367;134714;173264;12877;26960;101274;152152;213625;121608;110775;122664;86946;47679;19287;169645;46792;215752;90085;175618;41688;187825;126454;193602;200476;75453;102361;63384;97403;138959;151478;26096;145378;91279;219302;150868;148659;54312;6171;53097;120617;167061;217418;85186;158960;74941;188696;134983;53219;126927;204175;45849;41037;103861;85746;17792;85868;184625;141932;12019;107035;27644;98454;15446;168224;153040;192937;184476;76451;5569;128809;219396;20647;180543;167487;128744;176094;31955;178972;182358;28159;153757;11151;63360;158070;219535;37279;204561;126168;52757;202888;166027;137233;85821;210754;105595;185279;143293;133887;135291;42875;146672;36598;51588;162866;86241;118849;130181;165102;68327;138046;34111;144088;175785;126373;50048;116212;131170;118908;2885;42236;17857;191946;114629;83719;8808;181546;9453;142581;94889;151670;109881;115914;57255;126652;214193;15639;108703;209661;215745;147045;117128;162515;40345;159365;108922;147393;14559;155813;146893;17598;100235;144272;168123;145783;90815;94771;146103;29570;159904;102688;145075;8654;45895;117877;1386;182361;198906;104757;5387;140133;345;76006;72666;41515;63011;104753;125350;126726;129844;79477;112805;122277;106751;209712;36011;203722;36856;114900;35724;186616;7912;110491;133176;151285;70180;17307;155839;199269;19151;200035;45646;122644;13563;132990;203239;52260;57289;48129;111646;155829;135278;151831;70580;108628;178503;120459;206330;27232;45000;149799;121352;24306;118961;131787;214861;191891;137519;101593;69686;199811;86632;128522;70570;60348;214682;183254;51401;5352;196967;117918;11174;109565;203191;26710;68377;94689;183207;72585;102910;188761;139695;7447;22431;139994;142349;149863;184582;154243;88784;181860;157066;21715;45241;199251;196005;219171;31163;85507;149783;139704;175682;22239;215648;157220;191247;165616;56192;203907;211970;188419;17368;41414;203968;34955;9197;165673;142402;203667;204439;21080;208610;70359;132204;178076;195701;128117;64899;128962;93137;105870;48207;90612;931;20448;79027;103358;34136;170571;161651;96725;136152;219450;100561;117290;98741;128645;6876;76153;153926;1244;63630;134157;178681;100784;185845;72360;218572;164044;100794;83963;136941;210389;98347;58984;124310;163444;49913;84115;85589;40217;36272;102793;108856;105576;35417;77044;83993;109421;199332;118171;21166;104763;163336;183689;157637;113197;73402;194184;77056;186892;29447;24835;83412;2176;78640;157011;79623;45279;150479;128067;64362;178802;128546;89890;85086;188082;100303;85092;898;15481;135156;127878;137388;195182;128727;9099;208223;18637;98164;122587;64198;51614;124559;80178;29451;147449;16795;161626;64263;132120;198133;36981;184765;195538;79654;208277;20077;174569;195342;218155;163603;62428;197206;130997;180029;41697;81018;92981;201831;206072;122286;131746;83899;2195;70405;209263;137730;8100;9322;204796;113980;216549;87410;92077;167602;145713;102370;91256;61363;151736;88951;38729;115803;28607;176251;38228;168071;180472;45596;3954;138912;57603;54200;190945;21246;123921;16334;188160;164873;209083;208929;22086;199419;131066;49271;96794;70145;153880;132826;9954;76739;32052;17046;195040;6205;216843;183178;22995;7489;164431;135006;158813;46380;152546;21036;9988;212554;212020;190076;160381;160848;162701;40661;206138;17502;19435;84945;14166;192346;138019;126187;158941;131207;103650;1674;217042;209104;13262;166711;95520;213136;173867;88349;109744;217316;17061;152857;193109;76543;43523;172606;116019;48897;167173;123440;148187;83030;182778;126461;27967;176690;108732;83073;85435;217779;138678;4759;211931;67379;144320;104889;152499;203642;17630;169162;31298;96939;199621;172196;187073;46939;1165;112986;17794;55226;98882;210266;141162;108698;126643;4628;148904;56452;52081;123700;69896;130014;75280;20712;126375;114669;121834;206873;166422;181955;8014;75898;38516;185125;38305;109606;116792;209173;152416;99553;33629;129026;194358;66506;34265;138311;196067;203892;90702;176115;47883;35685;22860;169283;49746;47284;16235;104130;114908;24908;146505;105873;189178;50704;201964;87617;208638;171609;14932;5039;146305;22428;210560;199605;156843;51639;146915;60508;101779;27863;82190;31512;180660;180494;3813;13729;165174;186627;32316;177117;103553;185019;65285;190920;6652;209487;184484;6642;211974;155514;108998;199803;210628;178379;32483;19862;129700;169641;213732;66825;110798;168170;196252;80723;31344;152864;219007;149202;182916;204523;49313;181868;100010;195943;128206;6626;3979;121407;141448;115526;19894;218686;68455;30678;85963;206821;96141;37286;90019;41125;68818;174346;131857;128506;116389;161641;69759;117891;37339;164697;88295;27212;111657;18268;220567;95378;149335;138656;14772;70662;67050;47783;81760;27290;85603;177352;65216;8082;166613;163212;122290;133370;42593;148785;975;87402;74311;143135;108331;146908;201943;95323;38832;190415;183040;124170;174981;73609;155278;108268;44928;108054;175098;29701;79244;219791;147383;150493;206435;2638;158978;175526;46539;188334;182973;156694;185059;2082;157708;24125;91886;57830;91577;26741;110923;201303;105207;198047;19719;13951;65586;189865;160478;73169;74875;178763;97782;34289;3093;151661;73849;183639;6013;1376;47902;13835;145671;211991;208586;71227;23130;101160;64100;118978;100778;96688;59967;177626;15612;214336;79590;53341;98765;99872;21560;67296;175171;212429;38740;177447;2539;148769;106493;164948;344;141884;76478;144909;185725;169713;47369;111789;161770;13178;35836;179951;155258;61883;104629;94042;51505;12516;10668;135859;104366;202436;206487;147375;115001;116558;66199;141052;83593;90519;156206;201049;182380;126011;23400;73136;152529;214249;166781;187006;200501;150933;181654;57630;204693;173378;74350;149003;85347;25274;123385;39717;131123;46582;145721;82045;136966;1266;196404;103679;108239;122705;187217;105122;142968;158342;131942;96531;81640;105540;71438;167362;25194;206922;31962;196152;32559;214997;113;67821;197442;84365;166755;145981;87221;64303;142068;40548;100060;17163;199490;87581;139867;133693;160686;159491;164534;94615;132098;3194;70150;194746;61295;109057;128504;170979;149468;62244;26109;27739;128942;85366;62705;42767;52632;151891;31044;214743;13128;25170;136136;114696;173153;35095;9753;17606;54273;19461;216636;160140;167320;201982;196405;110409;55303;175365;86881;63562;206962;152420;181450;116778;24606;89235;132238;92017;94462;219682;151577;218133;83701;199357;62292;44110;136351;73947;194186;216198;74768;62170;129771;140562;166896;153396;110328;169672;98160;73560;89932;15233;195251;212819;86961;183640;23397;65396;10896;129038;57724;168280;46290;134751;192400;99637;83353;193357;79150;114536;64731;164858;164382;207179;42439;121257;58176;172239;132322;126449;183538;209608;219185;13392;93342;95713;213057;126761;30265;93681;1418;48152;132406;169393;115817;6654;89117;131972;70770;45160;80330;214321;128479;94377;137643;137396;125820;68564;16798;218033;213071;87559;84132;58873;20676;206261;73946;218254;49030;216231;163554;74091;208464;129389;159902;206351;5080;130840;209607;103167;106336;145349;313;218678;217051,train
Turning the camera left while filming [something],Turning the camera right while filming [something],['something'],ccff0ef2,119909;66033;90416;50667;68194;9082;103335;63577;91929;200289;196603;107964;124465;27391;64109;120051;100895;90580;157209;87365;115871;149744;91804;35261;62246;206761;100985;86732;84241;56932;204132;199835;126653;200581;50426;204846;9000;132911;75048;80082;176916;97997;116832;146378;38962;164564;2824;92169;145906;97151;216438;201941;126327;6784;150699;143054;23950;46636;17327;138584;126390;11546;102330;107334;193089;52076;87923;18522;146999;214160;119077;189790;201776;103294;163502;60151;54559;121388;35303;136467;155890;69628;40997;207409;34495;177512;60341;204241;125440;117782;93052;170164;104048;187694;199946;7775;113513;63260;152776;45920;79968;30455;40560;6380;26749;57596;111180;60249;33708;127117;170465;133363;186610;171312;24435;213347;89898;67567;136138;35500;96524;192358;52904;105073;166292;56443;57329;125219;152157;172372;24547;119105;184103;168120;185574;81127;91909;145847;91953;3863;12339;122620;187923;52812;16091;90418;71428;217233;9093;153873;92004;45551;211953;169913;81723;32928;114070;216342;72287;126131;33367;144664;184412;200638;127758;83723;126851;119818;48531;116879;120061;13265;46153;48792;176388;179867;142133;33908;63492;65869;130243;105433;146535;159831;70732;110230;200755;37771;167594;34880;34831;33423;98248;154220;196687;142965;25503;137429;24192;55353;17503;187575;65714;16955;186233;42038;171483;8475;188345;200208;73603;96718;50695;114999;215772;40846;867;150371;63493;80214;32586;85688;10854;28470;69476;63858;192401;34250;189381;28418;99565;184079;16806;97765;64088;208677;96585;81023;28272;105775;40363;33262;124539;149485;207593;73056;28054;145779;13715;10362;79273;123145;2838;35911;104614;93057;63955;194855;132017;24286;173191;77267;119777;8099;195965;129385;211449;61268;197383;19144;204123;52758;50752;39968;45960;152362;168272,6140;180598;11576;185449;25130;60271;204789;27;38491;212264;51116;196763;88897;185817;151623;173952;127250;193075;177979;86809;115132;60621;169809;47600;149230;30531;110246;46771;176615;200100;16138;44411;128990;201446;214131;220218;60732;103081;137393;71493;65523;94173;212923;12319;37756;139235;98079;40354;137421;118311;27679;146518;30019;6104;7699;137627;79133;205518;100006;96411;207589;61096;98270;165305;113705;157061;8332;7441;60355;166046;213018;139960;81188;153743;86244;70020;85778;140363;119048;123085;82447;75770;88559;168720;32689;24494;128163;114608;207740;38415;94922;79385;134903;91820;125514;217012;24821;211315;166037;131900;196211;152205;124538;127947;208370;66899;83938;196335;65063;118872;100796;184478;43074;98758;208839;57973;168476;177;82831;47149;100597;160790;59633;83082;11104;196419;214714;191043;30730;95837;94659;145941;153261;103347;165713;197201;103437;85621;177783;54700;216639;21479;46081;200744;103478;42738;95592;207171;34090;149713;111143;191834;114890;53013;1397;36307;87951;186901;206298;1163;9139;74953;8302;142099;166347;85090;146729;160094;57115;153237;97641;38863;27567;89301;169031;162073;196822;62223;2298;132177;120804;63970;155574;38999;66149;138925;130047;72258;199184;15287;2157;35091;128878;150203;129110;206538;95517;177144;170377;52488;185252;201207;46252;87985;68608;103067;205162;106235;197332;84506;33465;189380;179432;188671;194740;128404;204465;199617;114311;115902;204257;22602;57386;73720;34202;83958;178163;63523;133480;21858;138260;62732;93815;55627;133965;52353;10596;122943;149843;156276;78909;53629;83386;185548;142649;164132;162757;132049;44467;139320;149082;168063;28568;37022;163198;175518;117791;55508;76819;73934;114417;70693;111761;88640;192774;90802;58441;86289;125185;14765;189023;184060;154675;100059,train
Approaching [something] with your camera,Moving away from [something] with your camera,['something'],27f40159,131654;176996;146070;214132;80916;131712;124747;196341;165770;87664;60777;45518;64986;56978;128435;70302;75520;149722;172057;94448;220616;33111;205165;133271;139519;155852;43708;70117;69187;3587;153322;212619;74372;220007;171623;25959;49286;75379;6355;86269;92621;120685;165130;200740;136624;186927;58222;38709;64842;109890;185543;155325;36186;65658;162976;151632;155727;37527;95256;83817;117079;117722;93499;163980;170602;185629;123311;131247;30114;77300;11454;186457;171331;154706;66997;102657;69843;93622;17510;38726;182594;210719;108423;175018;176443;12933;195870;125387;17314;196309;181894;202553;207209;52854;82445;35534;6186;151412;120208;139373;203131;79894;170878;83796;36065;60911;27043;108611;212893;145908;133590;17076;112366;154481;56825;240;2455;51097;176358;2248;173325;5305;214900;212840;155241;67697;106699;33579;212859;26225;51442;103754;144496;215508;61038;196154;70334;91735;7156;25715;145270;66870;105782;16074;94570;110479;85179;144099;137139;37766;138235;175877;62697;207761;14357;161224;141335;45365;189725;93124;171454;124628;122330;25148;87945;168839;108242;62671;115546;140680;182588;63940;67631;167795;78085;191391;104097;87467;58004;77245;77622;38929;198973;83507;209420;192311;158354;207232;118881;193291;43174;219825;175065;184499;106419;102208;168157;75480;58181;112849;15808;14320;36977;49833;107395;193770;159494;99998;32487;53440;147015;117016;106325;163252;65241;203748;34570;5091;51205;181963;219816;76794;60696;171779;106656;99577;122839;6609;6766;198273;163081;188532;155902;146633;62280;208213;25045;160388;165586;95526;120434;103098;74914;86445;89895;149902;152737;60491;161062;118412;21187;79490;110587;11286;52109;202182;95568;22799;155976;12348;62992;151318;182891;2287;76939;41531;57940;191073;119251;68380;92951;198833;170326;104010;182570;4131;61580;10671;71479;125579;142241;174366;187142;56984;157208;123035;163495;139154;148357;63950;84289;33146;107263;27326;81278;215710;156169;71393;107306;116795;167550;23473;19211;32164;207834;166114;150092;162790;68464;176612;8259;152048;116616;90573;74805;38476;88906;56631;195760;3374;123020;169990;82124;81194;155390;43598;4161;173309;22942;212576;178060;202670;50520;209639;43297;164461;206716;158082;33014;78082;102095;198933;82966;92202;176511;182161;209549;27359;11038;13724;3574;75415;32742;207065;82794;159291;187979;171715;112808;47096;189599;108736;148193;34306;79476;3883;201023;72182;144642;98606;25751;105225;210107;124264;199019;90554;78804;40123;169734;23623;32095;91935;106841;55362;63120;92193;25909;175092;87144;63899;163652;76883;1212;41213;220837;49202;217637;153794;189336;147457;76540;109934;50086;70268;205468;121131;127407;98591;127196;136676;124797;13652;117710;168151;114599;43781;169055;144997;34761;168396;187518;220143;174665;192137;3369;40299;125773;122259;213463;18618;142448;72015;140999;205361;31501;191333;115585;118855;212883;112494;138720;4902,5075;45353;33603;37043;78859;166192;58856;135491;64350;214538;29519;195171;181198;154048;86706;39348;16254;90315;110535;109649;38351;2434;1909;40785;132132;143396;32787;32549;213373;133327;180105;174897;210527;201738;30215;198590;161250;131189;50052;110685;103322;83246;204085;3547;56559;143964;1699;102441;162144;188293;125528;195358;187430;43865;68737;193533;130698;40370;167891;121490;53809;33991;76131;130999;93801;107771;81145;178734;180942;24968;157533;23662;92969;199596;161782;102843;81971;191262;177603;199747;113049;182815;67934;11984;32794;7424;184934;102139;170576;174475;165988;132437;112761;2002;112800;93215;137944;60048;192649;133653;162312;37732;180553;131314;140669;220831;60935;137187;193468;92809;21661;96736;15339;85307;24080;202892;30496;77184;140242;138473;70427;89257;198592;87677;152909;136321;180304;158479;105749;150894;135789;121109;195061;96271;97605;22735;173295;87229;51072;108742;164814;164280;210255;65997;20946;77233;76030;140707;132675;145662;35154;69900;130284;3504;157292;179210;95327;181030;161978;181046;123252;154748;159185;55470;116259;97756;142659;124659;217701;188144;123099;107642;119073;80310;127083;66637;108507;178434;26068;90777;90683;133631;100666;113536;209860;146872;187728;170169;124391;63647;120726;139646;73220;30122;102541;17775;146291;37923;35406;50636;90709;190311;194546;116402;185107;200576;160961;204812;145819;205922;154972;2200;150967;55071;211086;74801;7212;74003;43797;175641;12766;30704;214125;201395;150943;196504;56626;80995;220099;79700;151417;197001;8172;170741;8730;159891;35966;138946;207566;67506;206709;211969;69116;83020;19867;132720;36908;32319;172604;193603;37383;66451;194729;195278;157539;101428;106188;76194;30459;8946;75495;168073;149872;210375;63859;49427;33518;144113;194314;86163;122834;98081;210607;120588;142977;194391;28434;38178;3514;69705;87869;140199;174284;22347;200238;74762;155899;41914;134379;94874;176199;39195;90022;94858;214233;141427;214015;740;63076;129008;52726;28200;147386;203053;134279;131807;150458;85877;178894;131622;174160;22867;165467;135305;11218;6395;174199;113281;53966;172171;88335;59144;38066;184708;30677;700;4361;97127;167311;76098;110731;111145;95840;23912;214920;185346;52621;136080;109336;2811;8611;25088;51305;19075;82374;37988;51550;210807;206268;207626;175881;7721;172992;191237;2011;141064;81674;210317;124852;215959;4242;178726;92867;206861;110893;132416;37755;79442;171725;54456;27051;51514;1281;13836;80239;50466;166733;176581;133185;216511;28949;32907;138407;158091;24664;41919;169208;52496;44276;133187;137181;102329;129398;164014;200540;156432;164846;42635;181573;156831;85623;166908;165732;123428;131645;73909;48150;62011;160704;120126;193717;110622;53733;66701;117008;77847;190924;189311;13973;14566;142340;152555;117325;78773;37972;31759;102938;200837;189729;192861;10641;156730;193725;81410;206091;151005,train
Closing [something],Opening [something],['object'],677ffe97,2574;45585;33614;26254;214633;37981;99085;5595;139192;125250;158248;128032;143060;151185;113881;90659;137232;186866;130426;46577;31919;147993;208037;79616;44996;135146;50496;198428;143288;15087;9010;213829;24488;117952;108756;129881;205209;172963;133521;111847;67537;6162;98643;75960;25270;31493;96154;48502;77946;168569;82264;1423;204819;73663;68681;218579;94622;134996;111237;97519;175890;187954;86215;86829;196698;140198;69598;180413;130673;187623;173594;178116;126368;61448;196626;124575;198948;118838;183298;113770;5237;119734;52195;162297;146234;64187;144206;81415;8767;154812;85205;116384;6687;10136;195799;93439;31035;130794;54884;38662;75483;46244;13368;165606;46191;52604;181569;8700;161704;203014;23605;196214;148112,177277;109840;16069;194232;85388;199284;132199;19237;24882;69709;106592;50565;220572;220686;52987;95242;161934;706;209788;195786;19663;101067;180509;35555;16838;108178;3985;54006;218957;167939;210395;172868;127571;90090;22601;214570;136670;112642;107945;133993;124068;51759;161683;16890;100625;29001;182667;204866;174912;101850;152083;68383;26822;208771;100887;143227;182673;98432;178301;191286;60827;188794;114806;57469;13419;41390;97849;45605;110625;86758;68086;126889;129838;26466;149663;99685;173642;187711;16544;117339;49292;3188;190750;157044;72370;87598;179187;184579;84106;26656;115743;202998;176638;83086;115365;106574;8248;158911;187308;213322;131986;186930;125786;50621;47211;157992;127229;107604;168618;122667;57159;152390;104548;207455;111724;140326;145605;48854;178886;192545,train
Closing [something],Opening [something],['door'],584d53c4,167749;30916;65861;40611;57599;71067;188745;45369;14053;147418;129617;105960;137993;119802;207314;58168;89275;75245;43049;206223;69839;152788;109015;165325;42022;185986;57105;185597;212630;123908;45553;201458;66627;197042;203029;137931;174496;144848;124360;131944;219905;51715;132003;195413;58632;42084;171277;7526;191620;130348;191455;7046;149447;201846;162484;78255;163981;42692;172475;207867;86555;75338;138655;220542;188265;78035;106486;15317;19440;101872;5262;52444;135575;56341;217622;34198;49020;83051;132543;214934;205021;195087;11774;72970;194401;112479;116368;123616;129320;63794;21832;149397;2562;138990;209467;218949;69807;69677;111062;189915;72691;16199;169069;75958;111778;22330;182395;95819;126302;206839;114564;105755;21638;163953;65663;48764;50558;3247;179263;11518;129839;178152;104491;202965;117738;101837;156995;185759;64106;209244;73755;86986;10718;194425;147152,98605;173291;130212;100832;188101;161340;59185;56098;148708;193890;97847;117978;81085;198368;160760;141731;38619;82313;209452;117375;153248;183370;33735;129050;107228;97134;156151;103797;28442;149640;139187;73426;166953;21214;141816;193438;59136;204314;200587;186073;58919;59957;133741;137510;160486;98555;51703;40191;209611;29440;192094;55811;120506;10269;60042;123969;23067;206914;211207;115287;55945;56211;126957;28263;125896;59897;53603;176087;211584;115795;171351;169036;165283;114645;78169;195039;13598;183120;130729;74001;134667;99456;93846;181806;195737;190693;52230;100706;172876;199430;78728;66332;87168;138491;219165;203865;139807;106471;154115;127497;100868;86196;93282;12569;138148;91449;161669;24094;214105;181064;142336;192522;63594;140346;212493;19918;158926;160417;84590;47386;136640;31335;25275;194099;219131;169254;182599;23885;219853;76184;142028;20527;207610;73468;154418;10950;95842;146605;206593;34283;85788;189602;204058;23338;162909;95265;123088;99660;219717;113916;155911;111671;124497;133457;157251;23163,train
Closing [something],Opening [something],['bottle'],c1c62263,195115;153518;17207;153894;198797;191534;138879;142893;42833;213546;193685;199804;162828;60022;176092;119314;155194;203139;3745;28574;168197;97626;149019;31081;104861;10061;70799;163385;84014;144488;166551;9184;34802;219104;80443;206073;93701;138441;34807;158102;55420;42944;172007;211637;193980;43596;7027;25310;138739;216130;220538;198780;17536;164285;164990;73666;201412;196094;205005;23165;78955;200883;181462;39552;139539;184432;51556;74910;204689;6579;184031;175550;126246;192307;84313;203554,189888;5599;84414;140814;73164;2269;189359;42296;145296;64048;181611;34912;147937;126156;150524;45660;179748;207032;7052;154273;161047;65070;53549;35599;94810;37181;209842;57697;203709;200597;71072;6386;175557;124141;24426;74579;162771;62651;104834;40106;149473;75250;195907;17482;12445;9899;111824;133570;69125;157465;15930;71456;67784;176121;90092;19401;111985;62762;41625;30169;129499;183080;196099;217725;37670;86889;175940;23578;38871;196828;3750;60479;198128;111381;168815;173796;107360;19959;153178;94200;148283;35478;100357;135945;149116;107407;151405;187618;70408;10893;212347;36033;32835;193489;24682,train
Closing [something],Opening [something],['book'],81dd0413,41115;219591;73568;217918;206152;49844;107111;7732;54509;12035;60789;156657;19181;137472;146823;146420;48988;67130;113909;51636;87861;152275;190391;192848;104930;71423;30328;113870;179284;181770;46750;51573;106365;14205;185439;113611;217086;120645;83352;71242;116956;94832;103357;52104;13039;115282;180289;39052;184468;132471;26572;156040;3341;1536;53350;76740,142034;81553;89762;202077;92066;33135;149476;220533;66574;162808;25582;123490;198070;157783;90162;182185;97676;159397;154801;90026;199810;69097;104960;78681;9540;219550;135222;97943;47179;174307;198104;129694;104284;110659;127759;34862;40507;127609;27574;65559;209786;60379;116000;43322;137879;208620;187166;162694;154069;105491;11429;24062;54463;169441;67895;94654;162723;120508;111901;216448;24064;61014;209800;118325;131731;35298,train
Closing [something],Opening [something],['purse'],15c7cb08,52938;9245;33896;59925;149088;3477;16148;128881;24915;88501;154378;55686;7771;149881;49221;33696;136248;40476,183949;52862;45609;142600;179775;199565;177283;138955;22509;58268;125339;186902;73012;8508;362,train
Closing [something],Opening [something],['drawer'],1539a698,53771;58805;172241;63210;168459;197040;46414;24586;175910;191877;72711;140776;34035;206012;82805;208070;130957;207096;160072;211418;208709;78151;218466;136854;6070;151445;182597;147817;160112;59388;114050;53477;183170;219376;38179;80271;215456;118942;119853;85053;134142;142470;105861;130397;88457;49418;137260;89045;176090;34818;78934;123778;146168;71399;211908;27383;66216;61293;70245;59447;62184;117573;94626;170096;89818;38260;28763;6637;95056;84228;11814;59502;139501;121962;130136;179667,83335;201331;123659;155718;128869;58135;208111;217224;67111;78733;104823;116757;106448;30506;157039;118903;112891;203034;190726;97019;47052;11660;110470;163983;113267;171448;89432;189436;188903;127237;87738;115070;49347;28000;78047;129312;54313;4413;19282;215696;173555;135406;152772;23451;47315;145558;102484;210844;178791;181510;39777;150564;18241;207240;97241;52145;199266;17958;31502;60679;179714;86553;11497;41852;71495;155744;64878;49954;219849;56858;217092;139369;90192;124174;160287;121580;77938;138358,train
Moving [something] and [something] away from each other,Moving [something] and [something] closer to each other,['something'],a1383a77,145087;144362;149095;29173;72332;6005;92732;14226;104058;171409;114742;58580;61736;213239;20032;45547;120352;35920;12306;137417;83017;14094;210403;107279;71386;44699;111832;220757;37703;150389;71344;137754;26956,140990;74708;61802;186272;174587;169022;165160;183681;113142;36355;4649;30189;78116;94749;146927;62753;23167;71206;122811;31774;200155;120884;42977;65546;181334;156942;155344;147392;158818;184555;112399;130141;98567;95519;210009;195218;64370;83016;145504,train
Moving [something] away from the camera,Moving [something] towards the camera,['something'],545d0d67,170209;178526;212588;90163;70114;141047;98110;177903;158117;63897;56577;113341;125785;37907;41464;130058;82738;188943;177173;21315;200806;132909;35477;64854;206413;56292;101861;35439;211065;145637;179766;184665;205992;143469;157380;148900;189572;137268;185486;24326;85708;35209;90467;150862;139648;151188;119568;49886;210870;160131;168281;79322;83027;42026;183502;39053;129669;209255;5233;60465;211455;158355;207715;78645;77219;71377;1815;182248;177481;127400;90200;107026;65105;193867;186108;203955;90341;174168;181644;198098;127680;110141;75807;196114;185288;76617;210104;85936;168033;164642;74684;129532;10508;172114;166478;156745;61438;211697;61152;149369;153723;52723;10542,64192;21374;134660;105455;143758;83124;61444;217805;158612;130056;119861;197348;74518;67733;115125;3852;64272;81999;63337;106149;121212;111061;86658;8569;86390;5795;89249;119170;189812;38269;81796;19468;65908;109399;50579;121661;169308;58198;79870;27194;147301;24580;61598;107611;56309;78032;156592;130601;146383;208071;129848;177375;63112;135050;9598;141961;90010;116851;216675;182953;144631;49442;162489;65215;191752;169047;218661;131494;118372;118800;163456;10973;143602;17699;158804;60003;115276;74318;171321;213110;68126;131382;56331;152102;117353;204323;107164,train
Moving [something] down,Moving [something] up,['something'],3f20f09b,54791;72383;173237;89067;64639;218255;52088;196555;94039;18077;190131;48583;74691;57684;36619;105604;194144;12783;94939;213044;35910;36794;80066;121215;36211;107186;110297;134476;203600;129603;348;163032;120372;106113;105811;92874;41175;121076;93592;82087;39782;8307;71311;67324;33633;43614;35430;158015;63755;14416;54821;182577;139372;192175;194828;161984;135057;125152;33415;200882;42098;216898;90412;147148;6782;189318;68965;115864;198077;19985;84783;135827;70071;33532;163434;118894;211414;103054;57861;155044;26830;108392;15983;213954;60791;170476;215034;91234;127135;30029;63589;18682;187375;126244;38569;168381;208229;69853;176264;82105;157760;119672;31616;173656;106885;141017;160378;135004;38214;114040;182558;212681;63369;35736;110802;56907;174837;112163;24416;207647;122756;207449;198907;97824;80394;117064;171267;85634;57498;114678;58231;9681;212598;51390;35388;14848;156962;54217;115581;68069;1719;68031;76065;98945;2258;85176;59631;59761;32643;153556;82546;148426;154558;140790;67434;144776;113520;115210;53851;151443;121334;184783;108427;167351;127290;14018;84006;3371;157346;53744;96687;21798;86027;167163;121670;41659;199409;39926;179756;195794;102159;104994;141627;107430;32168;48639;172717;218595;50663;6256;21504;177573;186071;21712;123072;182403;162948;216800;112327;151183;36256;121494;124235;13084;217427;13403;62101;7943;69071;123868;52055;22219;61792;202061;47518;83287;113905;220463;185699;213775;130896;194457;160904;186591;181719;128207;82341;161655;70557;139241;59258;13958;174860;183148;147726;99670;165262;2912;149496;109384;171951;82671;43985;88877;86255;2523;22882;11703;206746;95015;190731;50436;77783;116127;89673;91613;137359;2015;117037;192315;162220;103487;10233;86794;44903;75463;74977;33291;44633;124814;132016;94426;66488;98330;172101;210054;21946;214162;198048;118420;174152;18641;103906;69950;60394;131745;130802;26158;79842;169991;37532;114350;31640;102983;173093;24283;169379;181851;15148;20281;183246;5616;78448;220607;39847;7956;191613;211006;189046;19171;184313;80843;17634;61266;60620;126508;117044;110427;194597;178108;38454;196454;39915;10767;26597;91098;75146;59983;47824;174192;113123;40103;112454;165510;171050;50541;218309;120670;141734;86183;21956;87735;38560;11873;191181;38949;167298;195046;127212;83892;135569;211338;104612;212088;111115;47378;109883;118103;99665;6498;137137;117406;50237;205987;65737;172499;98898;168065;181876;69474;212157;112133;148682;3442;52176;157169;157459;81517;15885;154198;143611;155864;57661;161639;26505;61078;213935;141763;37268;179031;130838;208001;173071;106239;101324;95480;93037;177627;150130;18299;69870;44829;39714;177548;184530;54531;196565;65985;132051;211364;89642;208132;186821;173749;183557;161276;29645;19891;145609;145191;56724;30285;214971;208009;148347;143362;97384;120744;8066;114035;94589;108544;22572;1778;109774;30060;15949;164965;55601;7914;88473;123345;32148;126533;208767;137952;85882;63156;191828;14852;111518;165446;47563;10123;119722;45311;68816;83791;90001;88477;38523;56232;3286;212351;58879;207494;524;72064;166381;19631;203415;211419;203773;75532;188294;179912;134847;181957;52778;177602;25206;104972;96454;51541;107259;154492;86094;205188;87987;35259;120725;14184;161214;51417;48610;128439;166937;84404;148446;210254;121137;54843;8904;193145;42518;210713;134402;96785;29930;100506;171287;192800;195999;86905;17005;9360;45491;9190;3463;33389;167903;11581;83244;188975;42886;30940;18472;47150;92597;78341;187354;46651;142026;126006;218877;148899;86169;117480;50250;198580;104866;46558;220192;141475;120662;145330;207189;112557;114331;55655;138923;142810;100951;67047;209871;40699;185717;46819;186019;139314;183093;32994;54066;657;124267;138035;213346;122187;212771;11694;145825;47360;90047;63724;75804;65303;41237;183615;5528;156901;25581;1560;215798;44548;69963;155113;133045;4373;88614;183382;116518;217896;153983;184437;57610;122077;193302;173637;153125;32196;196332;47637;195694;19177;24180;53120;154399;28458;152076;217153;192899;99407;196650;219002;15411;18542;137716;120927;164929;169337;133559;212568;128616;190153;214715;77387;42962;215330;2582;104225;207670;193534;103087;204470;157830;125180;107975;59262;67869;42119;65716;20353;10822;155723;7917;69191;207948;152792;132518;207438;184938;208275;175832;178923;66561;123835;29989;156016;91779;53470;124268;203102;202249;128606;109273;143274;144575;27285;27693;60944;40686;111977;192910;30280;11633;9057;127695;167989;56643;140502;52957;178637;180374;65266;120554;37819;49856;108103;92897;164198;146398;82941;88841;179434;174778;102360;198523;135574;207584;79812;83858;30937;55159;166865;130508;145845;69669;33484;208036;106573;52086;181505;189408;53079;150911;137045;93789;142774;155028;183287;112325;119966;94206;207886;60264;180084;62987;190646;194168;121701;57472;155712;101963;75768;74060;58744;102820;166879;214770;134973;35543;127950;181862;116241;55588;139865;27746;10770;194241;87373;191643;31853;89887;178452;171987;45949;82319;99739;129192;209257;127450;128120;150821;219458;172983;111159;75586;164102;178351;113137;170549;97655;116818;192527;36028;58728;57429;102194;117725;145574;192010;106924;37435;216302;85671;89616;124903;119021;196389;110172;188723;9709;216848;38230;17252;144571;130333;108824;8057;14087;144475;160144;181155;109076;151914;191750;12665;12576;76198;86963;14615;185133;140428;179516;65178;165736;84545;47285;26732;28739;71909;4123;160069;31613;84484;154699;152129;206346;215845;217584;99307;208025;102702;138683;217789;17185;77520;212270;13166;159730;213678;10682;43020;116097;146090;179891;163841;8477;112962;177561;92325;175057;195089;54350;44992;192699;109610;135996;149168;189119;219105;5396;85620;7374;124149;427;167393;77649;37445;67556;200315;35205;216631;79295;47171;53678;203174;215350;164492;12391;12967;207545;134154;58473;159515;199185;24480;130994;153290;193071;24432;46665;201166;111252;82187;179480;28450;45232;176466;83449;87661;146599;93208;21298;218434;13170;66773;24357;44419;8171;185770;22009;57096;218621;153372;185668;153915;133266;178229;205539;62882;2558;161973;171292;167069;137530;134786;160566;129197;146943;207540;159028;151311;125069;108527;112117;7605;152298;119983;128088;58962;104715;169865;140266;92042;81011;157107;61973;113223;30591;90978;220613;30325;26940;71676;62660;116050;128715;158002;185827;48140;53442;59122;115985;187467;112290;186328;132651;57144;88436;180810;155476;215530;183443;156529;214637;125297;140491;122363;27109;184262;84005;204872;57292;85296;118216;217680;55902;176468;12385;53503;128935;57392;53937;121768;143284;93554;201924;50643;378;2509;144145;61930;44720;207559;6800;83009;12051;99168;104091;19822;199910;28788;214487;206149;219307;63942;166483;106994;168174;38553;137527;43451;208850;104925;91641;171272;96096;173525;162904;31384;71526;2843;73924;88522;31520;143596;203745;160881;202533;146318;48828;13909;207897;180975;96329;213217;171469;206729;72048;37998;71297;134733;220189;55050;16644;193030;213064;161293;116080;90457;116750;187263;30724;44784;114033;59187;43727;174451;73303;19940;165429;35420;36676;151218;124259;137739;157255;146215;59898;179981;100020;81905;153976;24047;37500;142545;190224;93976;80064;199540;18713;187920;22970;111047;182411;212637;200854;184585;138830;87739;56787;21110;164550;200290;152891;171096;220275;123406;17071;114277;33987;5101;176626;32274;65679;136301;22099;6287;153940;142989;37717;193772;141088;132109;212484;20815;115872;141832;18681;119539;110124;122687;53945;111301;133307;155529;78320;156476;97263;41441;115105;212922;100637;40658;167794;108424;182888;1372;211417;183633;95844;201996;216954;201286;68339;165363;59140;202796;166574;132215;94736;92916;162586;30961;146912;160451;62884;215400;72379;33712;132462;157259;212734;197523;140917;201225;111517;104296;176190;33261;174233;98731;194847;91224;178170;34653;1519;127222;39491;149990;181374;133744;80839;204522;104894;31004;30261;140744;145757;156907;129699;119325;65560;48753;29204;215623;6280;28721;154692;38943;182567;73026;503;145706;151804;195153;215343;78022;218047;199653;4485;87888;156948;170129;125089;120620;60487;46402;204361;33982;35844;121053;193406;32738;208595;135207;89780;138640;54937;161745;172150;88083;112766;36095;172574;106658;19545;175115;62894;45096;121822;200767;21361;47027;16420;160047;208983;204149;81810;189048;164757;94960;181686;186476;173871;134576;218158;65158;153753;56537;53313;186262;103928;51833;47362;108614;71729;30964;160986;109536;138688;80112;137063,66879;215297;78684;103598;33373;42090;33372;176611;206986;78240;149846;58999;42315;125823;64025;6979;70397;61498;162203;174736;143072;28793;56107;204556;21208;108919;201619;111698;15370;188442;162905;184835;13986;206554;75652;127365;203719;210906;187805;92652;4052;115048;103539;171055;159374;198163;33989;77142;31153;39232;46721;135767;570;96200;29564;8032;31872;10524;121167;81713;26646;206685;936;192744;53726;58718;168956;186741;114249;201828;73940;211706;112976;168756;81539;72749;216269;80373;69531;81882;137012;201829;84764;129826;95540;6152;209035;106875;62674;106310;156968;64644;169989;141216;120246;103886;148268;146906;114735;59409;27840;199434;194238;24631;184467;28727;186498;83217;106231;86002;199817;175259;39220;115010;163332;119165;178521;30990;146240;113019;205133;91482;107076;124074;36366;177420;130282;76695;132156;75833;102554;100401;106708;31753;65207;207864;69570;98702;125142;1830;126859;23277;197249;107000;62828;40965;115832;12702;106280;120625;186988;107322;133024;137404;121327;188862;37477;6629;183470;23166;32066;90773;70632;208786;145166;68523;168406;24206;218687;97933;21886;78175;53391;165637;59259;75839;164556;133443;74676;90806;216652;46359;45721;159867;70707;220615;211011;141044;201068;39108;83383;86683;132275;17902;216541;49747;12335;45767;86318;98573;106550;122645;96316;128091;111866;135302;24548;159602;63789;130484;136777;127723;40853;112099;62612;110347;181571;34770;157076;184707;77364;178798;209362;51111;82072;159288;107892;176269;73370;55889;153879;215537;55600;93094;202947;97214;195899;49915;69590;23798;40221;129942;25142;166654;33355;56481;125921;76541;57077;143537;38324;57658;59717;75745;157322;53438;38417;182983;118806;5554;34515;102925;7517;55234;139419;5221;135192;25980;86251;187277;180097;14625;25191;81052;66644;78241;195296;41851;114997;63972;32955;167572;175897;153052;202802;160389;71849;123551;4878;188183;156223;35774;49933;102584;108261;114274;64924;78362;175150;88225;108188;180996;120998;201837;87694;202746;3643;170303;90023;56160;52095;55942;192170;9015;162148;35540;169834;89109;58781;16277;84562;59540;33990;137478;74145;130647;37782;22818;13560;116493;124186;159126;63136;178107;218785;185917;42394;129680;142985;216488;140470;195530;22390;76167;132959;179696;110557;214045;214184;176250;216268;13175;50551;27673;141761;94704;97240;189698;101616;180077;170871;139410;173005;205220;75660;199561;119461;86563;108653;73149;169214;79213;177441;39440;204941;3070;82061;193166;119496;16720;13691;57655;143801;20605;154289;172423;130969;55739;184131;76022;211278;19818;205566;81149;24500;131150;215113;162330;116674;131834;177132;165971;2436;201424;199918;198169;71637;192759;178967;144208;130018;56446;180194;161855;109104;16791;170998;158044;167316;91943;125890;112321;46129;171065;199112;62116;188292;203441;108457;194838;84095;143816;75332;68664;129072;213555;107446;11871;202697;101909;202480;157803;182003;61205;130600;96100;59612;12874;56733;92209;87269;52334;52190;209380;163203;25988;119928;22098;41236;158194;183078;205848;127373;155426;113544;38056;40974;203172;219106;26408;199346;81655;101178;131053;123798;23059;19112;94569;127858;172596;84455;3294;183584;20411;31845;194886;152673;175008;129154;148901;191111;153963;123737;21047;86808;151377;170570;143706;34637;203936;13639;67937;107286;151422;109386;94660;98281;97124;122524;107644;168022;18202;156772;192265;27023;212624;112058;28362;128737;186117;150973;198936;137610;55566;208255;115407;31896;80921;153453;27247;58489;34144;109759;124012;185627;82825;2154;34391;163538;80760;165329;192864;79609;211429;165498;164568;172645;95296;94823;173908;44879;99569;42052;82172;90729;202840;139514;120002;161522;36263;45686;178779;108525;112173;204121;137742;181695;58258;71852;197028;184454;52184;68210;128834;87878;101362;105567;50915;35451;28743;104646;213981;184405;89633;21615;109568;66270;26385;87490;66136;126524;44597;123606;215396;142805;204944;74578;117319;151654;148978;143017;93508;14486;102348;173366;5497;66336;62999;104684;54736;206478;127087;146847;26528;30005;94360;62675;152481;29755;127672;176541;136219;185559;89897;32572;153928;153283;84620;143842;129783;45537;80858;38343;141677;82169;5508;172897;41031;84698;5046;141608;18935;201262;109170;45426;2613;74341;195789;75727;9765;135573;168216;159811;114633;50371;23537;29482;38013;38793;217787;211728;157132;71813;167740;87255;2752;124066;208416;27521;164750;92919;98874;69295;100500;184780;114825;88022;81594;47185;52174;79937;75871;211955;65727;129273;70657;185239;129058;196049;137254;65904;166571;176290;167842;210511;98585;186062;141067;28158;100983;67799;28359;71656;87658;210056;70088;210551;159414;20837;100442;115606;216557;64390;95710;134204;70279;62826;216749;220173;160040;68870;220805;85908;7230;117378;164115;176167;56286;120290;216036;206911;137838;159819;210279;186443;151976;133955;74799;101184;47326;204956;121641;153614;207905;39004;77311;21;212057;178322;77852;1739;70616;82722;147417;111282;138937;191029;105287;11287;204947;156994;43226;10612;213883;121809;29071;216546;6462;144669;83967;118352;41984;72341;213895;185532;36827;88162;62733;218209;1956;26986;120094;85874;74360;126452;100775;212005;48598;103566;67559;46493;25666;51909;141472;111722;62296;206789;71520;824;117881;75680;79701;141699;38307;213372;73376;194854;196088;68577;115342;130714;8301;43644;165676;139356;9581;55444;140344;54503;119231;182769;59010;30904;28870;127894;183371;24950;46923;159282;122950;132047;85581;194352;37185;130259;117760;32178;66903;26375;55348;194003;102419;58385;196639;100871;110755;191330;217653;201623;218307;124498;162853;70663;130300;144508;64973;167587;178897;14272;156845;158471;201116;64301;168715;212067;123756;52703;106302;179379;80763;24197;24535;117206;185879;57887;187433;190083;170083;149873;138145;218868;25821;177342;110404;31499;33725;124194;24717;105908;185340;171584;16856;109234;66521;70695;189206;97752;93790;190075;206822;196375;116662;68438;646;65629;98384;133280;119112;172771;110438;119397;212781;155331;190985;135017;196661;95668;114304;38293;62187;149124;61430;92296;163754;117060;32186;38047;8737;25177;30267;185117;194369;160364;111867;40029;206355;26217;60012;49187;211758;131804;129447;200922;128193;28040;52204;120263;71859;119075;59863;51633;201212;74390;130137;135019;151701;99880;91286;187219;31634;4661;63504;143139;185186;56492;163435;64625;118923;144401;169383;65598;66865;134094;22527;159455;162136;145753;61387;141622;18388;111569;59978;52732;199578;151758;106843;6092;125730;131694;155302;136455;120478;105602;164058;94110;103115;99911;11424;22467;21114;210645;81863;56123;217022;141135;100665;45210;210538;172412;21656;174163;87556;163901;187423;82790;22965;194829;137209;107814;71342;144878;216842;186488;175862;91494;129023;133402;184992;195269;31959;187077;194010;96958;72130;86550;35994;162810;98773;183204;117253;102001;172758;119106;46950;114683;20986;3875;68500;186876;177453;47261;90710;124625;8992;75641;156214;80950;188199;74450;46139;161057;219600;102780;30733;71092;216860;43495;186963;205445;76218;77650;44858;43167;218496;211208;59058;59442;211237;172080;76284;79351;215911;86979;33282;137782;85177;195402;200278;41566;98976;134590;84935;137508;89108;181258;79903;132527;165053;149980;137671;135923;80046;11100;163073;143671;214862;188179;166788;199823;49272;78756;6833;164751;92601;4394;125587;201965;33933;186216;108953;163552;2397;172310;14476;84861;100310;126913;26519;18422;132200;206978;124209;113151;37918;212547;49209;143665;130835;130998;103465;113951;97202;85249;105572;98659;19485;76272;175700;36960;107852;34534;108332;145626;117718;15569;150833;61890;180513;4478;148088;208982;142079;25955;44515;206493;193433;45792;49276;151442;61082;87317;97156;139015;57023;136580;181039;165656;54043;38094;26224;136133;73405;163445;91536;100733;99363;172509;165941;180683;180732;45508;116837;121601;218484;109597;189109;24796;172223;86886;91518;137953;64288;26147;93974;165507;627;9237;96337;145780;47409;156527;18434;177410;113177;37673;120517;52243;23579;84746;84398;49884;37026;164709;14033;67322;52841;172481;42176;105899;62044;93837;51734;74482;62629;5358;128401;14760;219596;205168;76256;182135;100227;154353;131094;35899;19213;98587;96133;102808;29761;51974;194524;53897;214694;152828;33371;92444;3310;152680;76977;188506;212785;199758;51468;174513;30609;3343;206225;73913;128316;46017;49877;140263;50550;81844;182309;172966;32899;98721;173121;22190;120809;100629;54755;195188;4245;64071;29468;169160;210025;170233;121903;149255;139754;68983;17264;187087;87243;83153;99468;57545;30883;165316;165411;107533;86499;19456;120900;40276;37392;2327;56624;142420;109912;25713;64770;138133;144796;203591;66385;35373;53621;100809;128249;67353;106809;165267;78260;91547;87026;18007;75736;167303;47509;126602;68227;118333;175358;107615;202960;218393;96000;185395;58871;193120;186449;163500;37008;173132;123925;55341;151834;24667;205540;92039;63722;154924;20705;92339;206795;18698;72779;173854;213096;167727;58479;136666;85796;193000;120115;3270;175292;62178;171572;206245;64371;150358;64042;190314;184463,train
Putting [something similar to other things that are already on the table],Taking [one of many similar things on the table],['something'],b58b2f93,132464;23303;151343;174746;7582;43444;60779;102230;112363;125704;129652;67432;21993;128389;68229;103174;61910;32527;199202;84210;126494;192270;57318;8025;163374;72684;171365;213075;127068;189503;7083;32062;217997;191614;5910;41288;46910;101193;187255;194421;43265;43579;189581;136679;152717;119798;196064;113863;179717;11253;39684;220347;9812;87885;210192;41397;133136;75894;80158;121832;15273;123052;161116;179915;30901;12028;16895;211398;189759;73383;125197;178703;81070;168788;213069;17164;139716;59678;178135;6332;6684;52173;201168;99729;70683;23532;9120;86307;180532;51622;112220;25238;90555;105552;218148;190091;100228;84886;160968;103617;121382;172712;219737;205271;137358;213441;32259;109800;131412;165948;193667;190332;159075;149092;179921;177865;61352;100479;88688;90432;29259;13434;191526;142064;187441;154166;1608;183301;15380;182655;102234;119125;23243;10939;205671;123889;212628;216650;91814;48751;95760;173456;30273;489;53176;75190;157341;189782;69015;106397;80971;207195;79098;196433;33100;102283;84039;145996;42538;145715;81912;98253;35750;138862;153741;85043;168880;118825;175486;96248;16475;75111;116264;66198;2936;133215;42017;40333;23106;35119;187697;156927;213002;8605;46734;209453;150492;213529;118698;154022;40541;3367;113528;183605;166222;100147;208469;152979;20874;58124;100329;59325;59040;131642;120328;64218;67127;156340;18608;84941;22170;218028;210333;164211;12216;26441;165479;155020;126740;9272;167595;171737;99820;72832;128879;81565;142294;212604;106348;148224;154297;77478;44755;93368;122413;21546;47002;164700;50602;164054;127080;73048;131404;171736;98870;193271;59086;112841;74337;118749;155062;158024;214676;58757;204662;133614;44317;146686;220161;168564;200949;31148;200851;53581;125825;59107;119278;88894;65979;134826;196891;180797;95192;59699;29167;88573;57297;195042;37798;52544;200623;149350;170049;52875;163301;97282;201956;197283;74772;136280;121080;132610;103082;31306;219804;82515;176230;67265;15073;44455;72260;142375;161762;192085;75438;125740;199498;124419;101312;186653;188595;100596;66876;128966;125618;72043;81615;76911;49878;220493;80024;220550;69215;205480;101656;24534;166525;146472;122266;154834;35820;130098;137179;136043;132058;37039;89080;84511;86935;67549;51874;152640;118247;112878;184613;164779;135477;12943;75018;210487;144851;211296;44497;138436;129166;78556;202157;199069;75537;203411;131574;65161;18172;115026;188415;138397;20129;4366;185689;134600;158877;179465;140014;79671;18282;107855;74817;79306;13551;84196;134248;105605;113807;47121;166777;28315;81227;202520;106876;196786;14724;97657;88898;22429;166554;165820;173913;82920;50743;18853;197403;124484;98040;69976;206849;23229;125284;11276;150127;73022;91864;14240;61816;93908;112360;173874;137655;139570;91329;154797;206728;115935;163617;156212;21921;89366;179949;123054;3847;109021;137749;155598;111707;48533;6415;145240;115945;73272;215232;125312;186300;186208;114300;14850;58323;39899;149735;202169;88781;133184;96587;184238;98618;29274;154511;183551;191466;56461;27422;50562;116512;91966;5897;188133;148173;14172;86377;61539;173757;126518;4525;167442;55042;114879;184989;49641;117773;161989;50429;190419;102475;90055;76480;51760;158728;217869;44471;90998;219357;42284;180754;47465;169706;191983;53588;23830;189098;138749;193323;61071;56602;124246;114207;114649;13488;56750;172940;58573;39444;152398;100262;87322;29321;135879;117801;67014;61918;101991;184533;104289;214727;33306;30383;100348;10019;27959;122268;104504;88145;175007;208988;101412;49997;78523;69391;3729;220796;101508;209767;181153;208552;106410;34963;184385;210847;166911;208374;206572;84932;139847;220050;110580;133034;176818;167890;130898;194465;144210;207306;90584;90901;105934;14286;75564;187307;108064;210310;68729;76744;191380;100587;190828;141795;96535;6185;15778;164927;114525;83980;143891;21782;174924;46954;47367;171244;194147;113190;64774;99373;45242;139226;14106;121439;152212;199408;159436;123362;100246;112041;37783;200025;119749;71221;138343;133356;195179;121683;58838;3431;178241;41520;219442;48738;7836;150324;11993;160150;149551;25155;219886;64211;127927;162469;55162;82983;192215;92637;212855;97687;135557;12272;213413;52133;198896;207727;187297;83862;105032;87802;22389;21741;195496;119955;166209;13567;140802;219135;218271;183536;55397;124100;169066;107149;95336;200264;118106;82284;213893;150192;163856;210038;169090;95425;29871;86589;35650;164729;180497;145874;147331;161747;78372;108530;214344;62610;183570;105026;569;176010;55059;159247;83118;39184;108075;105920;53514;11365;2369;157674;195971;73608;107606;159612;39824;179088;35377;61457;85354;210718;138295;213787;77773;194912;75593;92698;97381;208166;160987;164046;97966;212587;137034;181435;159916;94112;21044;35403;173182;29990;205595;185405;86936;208060;144162;182553;135414;88777;12010;159547;169946;110380;207762;162624;37663;209967;24826;142666;108296;207830;30074;58678;58634;29303;151967;148758;93062;24853;197072;210637;38031;47733;78195;169976;195716;120331;107203;88680;171793;130261;14646;34308;106856;1284;148400;220186;123804;38051;723;11259;168297;76814;77298;198562;40094;214581;43010;73485;8173;200590;173983;189375;100298;122506;108018;164034;114857;160817;217195;124849;75524;11758;48820;148538;49191,102455;109718;32971;73414;3854;48518;34927;39748;213185;8351;49245;26227;90436;22938;27766;30258;158111;113339;172536;54458;123602;165241;128588;35755;10194;49753;82598;137050;42884;117301;135155;102615;187131;154767;111742;124899;145748;219109;104392;189401;171447;140887;178878;127621;113208;196053;125026;43081;131199;93626;101705;94180;67420;14406;45743;82342;113289;7782;193458;98468;48666;194059;171579;114876;130170;95959;204784;210514;12778;32734;37596;88552;193306;78162;122575;85025;23657;119557;37881;119276;19843;176477;166520;165433;30810;81695;143474;4344;168236;64463;94284;54017;124254;24592;79824;127503;79913;112655;34056;198367;57798;187070;2718;10097;159996;131965;160450;119196;65588;45282;16431;110977;152093;25143;73006;212980;55714;109149;53214;45800;93391;117123;40075;132057;217518;142412;188503;211217;148091;109894;186339;53869;199677;84785;206424;204180;161980;192739;70034;117661;15352;173607;135615;74075;204690;87515;207794;18677;110628;205304;181889;95580;30410;123807;122579;157409;177387;140406;211651;36146;130278;40015;85238;106038;185910;217150;13154;35568;159559;171548;91331;46382;103713;170319;206680;88012;23865;80009;159234;96913;174802;210533;58347;2720;201944;214365;182968;69179;126173;26985;60948;138770;62049;53987;133999;116855;83379;85587;146101;159403;180;41049;161460;12622;195036;2993;65440;176149;174273;61458;78418;90385;109327;22246;110973;141695;211272;219169;199207;213897;175105;212169;33536;214840;195988;146984;149635;124556;52305;66498;132996;81254;30640;33686;47643;121218;17923;128110;176168;102464;87981;47158;104664;77686;90184;57633;97713;189764;144643;23784;104409;48252;119355;186393;113386;58362;64210;112227;118660;191592;20163;176470;116632;24593;190173;107866;191600;159580;189738;139693;201167;93375;120488;115355;3318;158169;7353;116024;171156;11852;133766;35749;203328;136160;183827;209865;185618;81985;162915;118227;35953;102710;101695;58878;155793;8931;205211;171075;150990;918;187818;177448;206589;4637;198335;142846;46951;106292;98437;184094;134113;44128;27755;21276;17690;131000;7752;22978;129182;173771;42967;129508;13738;74701;191487;197991;155177;107151;176813;22295;126846;97668;203519;86605;103230;57254;133491;124805;7296;201318;85480;85764;70530;33038;50925;111056;127241;49650;11275;6943;171766;189386;1981;121598;113501;55492;148526;113059;173114;28664;56238;55618;157195;174543;134813;85204;47456;86436;7096;43285;38584;104110;147154;169399;52764;183974;160910;104436;108616;93639;38401;113478;74151;166072;152665;99496;7595;165234;30243;132585;117049;215007;60992;29899;98532;209360;125138;135209;36365;20257;179140;117772;87672;18855;163779;75651;209813;175355;61461;160037;75064;64681;194066;135089;200827;190270;137369;40093;49080;142622;199638;33498;109180;46875;93901;171992;75503;72907;183406;94385;25660;60750;89048;196869;28564;183756;136557;77953;40183;32664;137133;137553;166593;67004;113446;191855;190458;9433;48187;56872;189618;136550;192474;103049;110040;74714;27678;8385;67652;199939;103138;206782;211196;194535;16402;207657;215369;150003;114088;138554;150116;212055;121541;171345;90012;180771;58733;52932;200761;198199;209878;103874;161956;175243;172135;65505;94758;26496;45495;197175;161795;156922;40913;100807;214051;94244;45116;145916;146889;182365;82752;208017;133829;81518;185408;165847;14299;160610;151837;152477;208442;197109;94205;13601;59095;81310;33134;181423;216477;212063;156723;54852;113129;215749;61538;161503;143668;119264;111339;188730;198666;152859;76346;155033;218874;38092;122881;204134;145224;11215;68220;92683;41730;198497;102790;167022;145393;59278;134263;116696;35618;105324;28047;205247;103554;206404;4513;143627;77015;100980;214545;43647;147267;13610;173893;175513;195758;6035;67617;161631;147452;56548;203349;165525;31666;22147;119791;202072;84640;70952;2312;79433;38664;141431;127715;113928;208873;164357;176140;207793;7882;27197;112556;131043;46105;142873;185650;21903;183415;161290;197871;209365;160322;122221;171324;97136;125798;131740;189196;185965;54599;36274;176619;118745;11668;188050;5322;135360;111114;132126;92462;93003;1709;52186;193061;219615;192895;165107;98978;96328;172058;95940;62137;5316;132713;149532;46461;194247;10500;2536;111443;143316;186883;45607;11225;97197;33064;15497;116732;215345;187734;206254;9246;165796;42309;162758;75162;134859;121535;116431;29502;179749;215378;79630;62417;131448;203696;86222;30492;104090;69407;142306;122658;102260;103371;18002;148843;131580;19551;9790;116739;88133;17317;166129;66423;72373;170076;198986;150086;89847;78127;51979;104238;15468;109834;220582;182756;34348;150017;35498;100254;151650;349;39208;27712;100054;140396;163042;116844;60424;56106;194414;148914;192025;199297;26594;143646;133784;125913;207531;80528;200507;9035;122124;89701;67209;55290;117793;26362;165936;165774;71760;143970;51225;113239;24519;73027;189714;141030;54864;124241;68410;57103;83703;204743;140779;183930;56344;169592;132577;121442;35695;104931;135632;217778;98872;1662;139110;13491;90496;75801;99634;207286;3092;72499;196234;45073;77536;6352;9018;118792;16020;153538;156884;106343;127671;8158;144172;108017;94914;220790;77501;148609;131953;170740;42688;133989;210774;173533;182926;98310;185907;204477;176741;107302;93478;219090;195511;63449;71682;162598;65146;166105;52851;14127;13413;62059;185402;31202;72058;6568;142490;180799;115688;219058;6004;133550;8188;12996;5539;152786;180122;190975;166243;142737;206045;166362;12924;13807;188105;144146;139180;78834;64801;62341;174455;212028;64287;91440;116503;156180;185837;144638;212721;137594;192473;124468;9645;161482;114136;150119;145725;23436;100413;44674;71024;71905;196533;77450;140376;77210;158655;108545;39142;58321;202656;147599;156631;44084;2923;209679;52522;24809;206090;132847;76476;4599;79509;120646;57051;129786;154414;63624;173750;89586;74990;159651;162411;59271;10165;156870;467;162462;13656;158101;137377;69438;212617;156602;71175;7767;36623;86578;99478;15060;160998;126407;141700;160539;133084;36936;194436,train
Turning the camera downwards while filming [something],Turning the camera upwards while filming [something],['something'],edebebd4,66381;28161;136175;56080;81761;214388;126640;68277;122564;64947;119311;205353;194611;37668;11007;215197;115433;125723;166870;49480;85163;157900;123712;75397;145009;50766;151786;7110;59994;27069;13856;18506;72208;48634;211806;83206;192518;155818;40796;111532;4458;128791;139979;78312;151173;210212;140077;35733;12537;102356;129486;24015;86952;217217;85257;127105;80315;12186;92632;57957;59401;199973;162269;48011;134970;186689;139206;114992;92464;220428;103714;77522;190755;177499;131230;170876;102524;169096;56925;151694;23712;200086;107828;19746;180188;139043;27825;210070;195754;23768;6054;140497;151616;22751;22662;15621;187173;157715;218745;48747;38982;36030;103175;133539;83574;204307;39007;140621;79364;7898;91535;169131;47607;188581;57716;174345;220535;86860;201967;36296;29108;161533;185345;212510;176416;35651;30874;93101;119702;94432;53028;44717;8816;206323;218337;171689;215021;193184;104119;140446;7087;94079;5278;144431;96647;213976;120769;210042;126287;87714;81275;152173;60592;16508;218357;120089;110238;178953;69678;1401;17534;58390;183942;101830;38643;89407;56507;147124;60725;61864;214092;162883;16085;105461;81544;31371;132193;144412;27703;219731;122451;143045;163428;210435;150327;163403;95341;213027;26315;101209;91386;111040;33795;122177;197759;185909;40252,181312;49695;195453;123852;187912;177269;36517;56277;5419;915;149605;64987;103702;19889;13001;152750;210267;71916;188803;186824;52589;196037;74090;150429;204346;188139;147188;48403;102924;159927;183799;119905;188790;5098;211491;44675;103889;183705;130843;166174;43118;152882;6046;99387;81748;7041;208268;7007;102003;103226;98545;86761;111327;77061;92724;166785;2749;212524;21564;61600;188075;5209;146317;35488;175478;63924;84450;220144;4142;22143;170654;21111;180244;59045;50566;117321;32446;66050;117639;20044;65245;138803;93038;31567;15952;40942;103635;220779;96700;73903;82606;149049;141512;211769;9211;113569;93545;114733;889;115082;85121;119216;12299;18419;71429;216539;217060;24551;209375;35309;212449;91403;108693;44010;160252;31400;35948;38995;163220;21583;30687;146842;101002;89748;10987;119860;115249;183173;58965;52220;58669;178914;215746;192979;145545;166073;129428;174812;176778;15230;169378;37876;125616;77976;126402;171098;20591;165182;2625;180373;184304;160133;71670;18433;79422;70704;43199;159649;47997;208589;23090;54252;8830;146021;169371;34954;107872;187021;175348;70572;98401;11880;209399;4509;8305;193988;183983;191767;178744;38779;161848;215993;63809;156739;42311;70873;194997;21277;90131;24403;47478;173498;215092;10892;95894;91548;135650,train
Folding [something],Unfolding [something],['something'],12055391,172976;96926;38484;211098;182747;215932;204769;216866;174204;184082;66533;88645;154302;198552;95555;54163;145030;216768;151359;92722;104286;170132;84325;11988;59573;184725;204774;33234;79768;131837;69507;180267;131711;131026;63312;217993;88340;1119;147309;172661;109240;174730;164745;176343;21043;68638;139755;38145;217738;108651;215955;22817;121201;86769;126840;131298;79281;157480;171213;76653;54866;3966;214863;80471;197971;72395;211326;147029;139157;171017;113303;24897;193933;10962;89331;53639;192441;16610;135616;109922;132488;162690;98492;73436;147369;82474;171652;33136;33744;150647;138664;107073;95653;72960;158677;201078;16569;202263;154112;212486;86494;166082;15834;39991;26961;41079;65907;213011;22552;91693;141446;164736;138629;160212;188954;172737;81156;131788;8655;137411;160864;53583;143628;199118;185539;153431;196552;139428;187191;92936;86040;68592;185646;143422;149431;19742;98715;78245;125826;190124;69334;32752;171812;108126;17896;199506;106263;39896;119634;184676;106275;33958;43543;182685;109573;56824;131533;59229;84796;166825;86198;185296;55205;132568;146996;199496;86290;113385;146366;106367;141155;151210;157843;78053;38687;130025;63731;54820;205867;202898;6243;168589;163925;57654;162465;66974;73459;147057;68240;126036;125571;191236;59799;193849;129995;123688;189673;165164;24909;28182;32128;47931;201884;126646;200799;4261;190321;90119;211756;3991;122423;212027;188638;210937;11284;121280;140605;2459;93142;206500;89583;217292;4320;138707;102112;15103;111613;144495;73634;110302;218090;186907;185587;216279;13761;114667;101763;163596;114076;94664;40486;200981;25416;98977;207066;57317;17891;149861;83266;33585;84530;95188;197440;88626;203080;170367;157862;212194;113645;167263;126142;84061;86236;217774;73055;43207;44703;165635;56408;218355;44537;217274;191980;27537;1716;166832;213793;199739;65820;202962;188889;176840;168400;130846;208723;24210;24978;110101;207026;148288;104589;107943;116922;173119;106036;24770;57404;119252;20976;140811;168247;14092;198311;135365;41443;117001;197502;34787;94928;33057;78543;166138;44269;145340;58938;73728;163894;202737;200984;144348;150241;143581;192394;77901;214829;144222;84167;172089;73675;33252;25551;72409;18250;123621;177333;93156;194627;7457;51530;137335;26300;17292;75414;219474;5405;85579;14268;197758;137637;124796;151669;154679;217251;6537;135243;200637;94808;2256;103753;132602;53697;48409;8046;25297;126229;182903;144047;213376;147185;84349;13060;138507;18557;203420;8687;197666;119941;13153;183488;75902;76665;184401;139938;158129;71152;213519;192189;157491;107972;753;139280;117787;167725;57881;120668;8284;163629;150871;91530;159695;23782;144980;73165;53223;123811;200938;148965;73322;166936;152607;10630;173556;73712;131112;39539;197426;130071;66886;179271;63354;187673;85390;176668;121625;57057;1345;7243;144984;128463;69791;69712;116677;176159;32651;187951;80549;201946;63778;205402;209357;197984;181036;26730;108537;203800;214220;92423;135043;143929;76991;138576;177400;196905;148669;85810;115257;142811;67375;26693;55744;39473;140124;149354;101190;113203;184136;75579;176578;164701;165805;109638;132306;155400;143121;97007;206499;79638;179499;17183;164902;194748;99319;47687;159617;175932;201878;153117;181526;52357;19744;87308;184831;195473;180755;195853;145091;28202;32061;188221;143977;165692;182262;69736;2710;195864;170491;164781;188628;73294;97984;210809;181669;128296;96632;37119;152450;219888;181398;25926;185905;137453;90325;162026;68354;26907;84553;82197;200273;202967;146713;103022;18590;73011;169174;28967;143664;78952;15895;183807;5365;218674;41344;76669;22702;146876;133668;90963;78102;132920;52062;74598;153460;32679;76705;121924;196492;39082;3044;18881;205190;212052;165419;98516;212170;126201;194592;188399;28990;215533;3624;88497;81480;25737;33227;162002;36731;26022;139687;61234;67688;112592;147237;187419;7674;162074;128437;131237;85964;79593,9348;149604;77093;126598;169325;43461;142350;220343;145955;215945;202504;158077;68251;142073;157097;7575;119086;9940;43840;186104;85577;213271;156417;216120;125628;146082;92765;114691;29530;26770;19504;179414;11729;210777;37825;86592;55597;49986;130167;183667;128980;183866;94307;171929;180222;174584;178851;45065;209883;11751;8690;198946;94318;82236;82910;1921;213530;189016;58120;163191;138439;167685;89264;172594;115390;102080;19724;40147;173798;173677;41524;61935;128899;207164;4648;72165;50079;73878;153718;186452;114013;34463;160796;120269;220468;15344;150992;117663;160745;123112;33929;50072;92331;121423;139475;38935;48898;184892;41521;37519;107211;183269;115402;114687;151088;169380;219592;138056;177951;3577;149399;117121;120014;159306;145918;102511;94892;112647;47311;158266;63953;58924;67082;29533;37620;5998;185197;211194;210647;73130;89655;81450;207509;109877;2676;179605;104216;50263;166667;76780;114917;197316;110627;41772;129522;63446;177385;63229;96921;120730;17516;49733;175374;216724;27336;185756;55625;93975;148451;207652;180666;11540;106183;23519;207492;22272;190319;141029;108299;26083;87005;127997;200353;113074;163973;25237;162468;117072;130120;214479;105983;133364;214688;121000;113689;130290;30814;115966;43005;45075;176639;39326;14894;130842;177984;117180;170521;151034;130909;159476;19652;180861;126956;44326;39477;146484;64152;70285;68452;216682;140204;76688;83313;72209;151702;28340;12016;71511;39456;41045;117078;156705;193102;208263;124548;9043;219327;79902;50814;215737;81599;202750;110896;44999;140185;15816;202825;210971;210301;211464;7548;218654;75445;45652;197911;35371;190583;190757;54193;205476;176524;43519;186465;108631;115144;148808;26044;155045;204290;137374;48279;37989;153499;153780;104126;173145;149448;41151;56188;104613;160757;185413;204035;159823;13399;66874;80876;199678;204111;39050;161264;100550;69801;4952;197021;23591;73071;48994;149887;92819;62123;210095;10107;44362;79037;134289;17889;52804;115353;75876;96056;79847;27270;10129;214893;108460;72256;212162;4429;182113;168101;82638;175189;83659;146159;63304;215430;125516;23111;188959;210948;191826;216873;173306;182426;29361;168162;122420;124115;43884;9731;174974;205898;72350;32985;33981;58521;151385;187611;137544;184307;215667;212111;82780;48991;75165;28262;42102;58106;26135;20939;63288;138542;152396;193904;63893;45689;169256;159746;164144;80812;181535;122730;187537;84492;75112;153087;49735;156945;124719;176973;42559;213387;131254;81472;115538;130402;55560;47042;186605;177433;202862;93401;53595;206646;2729;90174;85858;71130;13940;210505;185475;210753;214447;27760;195057;76160;919;203061;163534;136978;200095;84212;167485;2237;14698;100410;119301;74703;104564;151939;49022;171323;212054;111094;76309;117029;150399;172070;21465;45022;118652;118389;122615;182908;111000;53944;71702;207272;4901;119615;194269;110548;1685;53900;76940;88914;23543;29270;82221;114248;121619;72714;123656;132663;73078;50253;23299;205139;51842;117831;13801;198808;110154;69248;121133;195761;63022;104231;54857;21624;65150;209324;213474;160718;42430;169647;177006;129861;9048;64092;140495;162063;174449;76889;25105;154054;38564;20602;117088;39749,train
